# Pythonä¹‹è·¯ - MySQLä¹‹æ•°æ®æ“ä½œ
<!-- TOC -->

- [Pythonä¹‹è·¯ - MySQLä¹‹æ•°æ®æ“ä½œ](#pythonä¹‹è·¯---mysqlä¹‹æ•°æ®æ“ä½œ)
    - [ä»‹ç»  ğŸ€](#ä»‹ç»--ğŸ€)
    - [æ’å…¥è®°å½•  ğŸ€](#æ’å…¥è®°å½•--ğŸ€)
    - [æ›´æ–°è®°å½•  ğŸ€](#æ›´æ–°è®°å½•--ğŸ€)
    - [åˆ é™¤è®°å½•  ğŸ€](#åˆ é™¤è®°å½•--ğŸ€)
    - [æŸ¥è¯¢è®°å½•  ğŸ€](#æŸ¥è¯¢è®°å½•--ğŸ€)
        - [æŸ¥è¯¢ä¸é‡å¤çš„è®°å½•  ğŸ€](#æŸ¥è¯¢ä¸é‡å¤çš„è®°å½•--ğŸ€)
        - [æ¡ä»¶æŸ¥è¯¢  ğŸ€](#æ¡ä»¶æŸ¥è¯¢--ğŸ€)
        - [æ’åºå’Œé™åˆ¶   ğŸ€](#æ’åºå’Œé™åˆ¶---ğŸ€)
        - [èšåˆ  ğŸ€](#èšåˆ--ğŸ€)
        - [è¡¨è¿æ¥  ğŸ€](#è¡¨è¿æ¥--ğŸ€)
        - [å­æŸ¥è¯¢  ğŸ€](#å­æŸ¥è¯¢--ğŸ€)
        - [è®°å½•è”åˆ  ğŸ€](#è®°å½•è”åˆ--ğŸ€)

<!-- /TOC -->
## ä»‹ç»  ğŸ€

DMLæ“ä½œæ˜¯æŒ‡å¯¹æ•°æ®åº“ä¸­è¡¨è®°å½•çš„æ“ä½œ , å³æ•°æ®æ“ä½œ

ä¸»è¦åŒ…æ‹¬è¡¨è®°å½•çš„æ’å…¥(insert) , æ›´æ–°(update) , åˆ é™¤(delete) å’ŒæŸ¥è¯¢(select) , æ˜¯å¼€å‘äººå‘˜æ—¥å¸¸ä½¿ç”¨æœ€é¢‘ç¹çš„æ“ä½œ

## æ’å…¥è®°å½•  ğŸ€

è¯­æ³• : 

```mysql
INSERT INTO tablename(field1,field2,...,fieldn) VALUES(value1,value2,...,valuen);
```

å®ä¾‹ : 

```mysql
mysql> DESC emp;
+----------+---------------+------+-----+---------+-------+
| Field    | Type          | Null | Key | Default | Extra |
+----------+---------------+------+-----+---------+-------+
| ename    | varchar(10)   | YES  |     | NULL    |       |
| hiredate | date          | YES  |     | NULL    |       |
| sal      | decimal(10,2) | YES  |     | NULL    |       |
| deptno   | int(2)        | YES  |     | NULL    |       |
+----------+---------------+------+-----+---------+-------+
4 rows in set (0.00 sec)
-- æ’å…¥æ•°æ®,valuesä¸­çš„é¡ºåºéœ€æ’åˆ—ä¸€è‡´
mysql> INSERT INTO emp(ename,hiredate,sal,deptno) VALUES('lyon','2000-01-01','2000',1);
Query OK, 1 row affected (0.08 sec)
-- æ’å…¥ç¬¬äºŒæ¡æ•°æ®
mysql> INSERT INTO emp(ename,hiredate,sal,deptno) VALUES('kenneth','2000-01-01','1000',2);
Query OK, 1 row affected (0.10 sec)
-- æ²¡å†™çš„å­—æ®µè‡ªåŠ¨è®¾ç½®ä¸ºNULL,é»˜è®¤å€¼,è‡ªå¢çš„ä¸‹ä¸€ä¸ªæ•°å­—
mysql> INSERT INTO emp(ename,sal) VALUES('alex',500);
Query OK, 1 row affected (0.24 sec)
-- æŸ¥çœ‹empè¡¨ä¸­çš„æ‰€æœ‰è®°å½•
mysql> SELECT * FROM emp;
+---------+------------+---------+--------+
| ename   | hiredate   | sal     | deptno |
+---------+------------+---------+--------+
| lyon    | 2000-01-01 | 2000.00 |      1 |
| kenneth | 2000-01-01 | 1000.00 |      2 |
| alex    | NULL       |  500.00 |   NULL |
+---------+------------+---------+--------+
3 rows in set (0.00 sec)
```

ä¸€æ¬¡æ€§æ’å…¥å¤šæ¡ : 

```mysql
INSERT INTO tablename(field1,field2,...,fieldn) VALUES
(value1,value2,...,valuen),  -- ä»¥é€—å·åˆ†éš”
(value1,value2,...,valuen),
(value1,value2,...,valuen),
(value1,value2,...,valuen);
```

<!-- TOC -->
[**è¿”å›é¡¶éƒ¨**](#pythonä¹‹è·¯---mysqlä¹‹æ•°æ®æ“ä½œ)
<!-- /TOC -->

## æ›´æ–°è®°å½•  ğŸ€

è¯­æ³• : 

```mysql
UPDATE tablename SET field1=value1,field2=value2,...,fieldn=valuen [WHERE CONDITION];
```

å®ä¾‹ : 

```mysql
mysql> UPDATE emp SET sal=100000 WHERE ename='lyon';
Query OK, 1 row affected (0.10 sec)
Rows matched: 1  Changed: 1  Warnings: 0
```

åŒæ—¶æ›´æ–°å¤šä¸ªè¡¨ä¸­æ•°æ®

```mysql
UPDATE t1,t2,...,tn SET t1.field1=expr1,tn.fieldn=exprn [WHERE CONDITION];
```

<!-- TOC -->
[**è¿”å›é¡¶éƒ¨**](#pythonä¹‹è·¯---mysqlä¹‹æ•°æ®æ“ä½œ)
<!-- /TOC -->

## åˆ é™¤è®°å½•  ğŸ€

è¯­æ³• : 

```mysql
DELETE FROM tablename [WHERE CONDITION];
```

å®ä¾‹ : 

```mysql
mysql> DELETE FROM emp WHERE ename='alex';
Query OK, 1 row affected (0.06 sec)
```

ä¸€æ¬¡åˆ é™¤å¤šä¸ªè¡¨çš„æ•°æ®

```mysql
DELETE t1,t2,...,tn FROM t1,t2,...,tn [WHERE CONDITION];
```

å®ä¾‹ : 

```mysql
-- æŸ¥è¯¢è®°å½•
mysql> SELECT * FROM dept;
+--------+----------+
| deptno | deptname |
+--------+----------+
|      1 | tech     |
|      2 | sale     |
|      3 | hr       |
+--------+----------+
3 rows in set (0.00 sec)
-- æŸ¥è¯¢è®°å½•
mysql> SELECT * FROM emp;
+---------+------------+-----------+--------+
| ename   | hiredate   | sal       | deptno |
+---------+------------+-----------+--------+
| lyon    | 2000-01-01 | 100000.00 |      1 |
| kenneth | 2000-01-01 |   1000.00 |      2 |
+---------+------------+-----------+--------+
2 rows in set (0.00 sec)
-- åˆ é™¤ä¸¤ä¸ªè¡¨ä¸­deptnoä¸º2çš„è®°å½•
mysql> DELETE a,b FROM emp a,dept b WHERE a.deptno=b.deptno and a.deptno=2;
Query OK, 2 rows affected (0.11 sec)
-- æŸ¥è¯¢è®°å½•
mysql> SELECT * FROM emp;
+-------+------------+-----------+--------+
| ename | hiredate   | sal       | deptno |
+-------+------------+-----------+--------+
| lyon  | 2000-01-01 | 100000.00 |      1 |
+-------+------------+-----------+--------+
1 row in set (0.00 sec)
-- æŸ¥è¯¢è®°å½•
mysql> SELECT * FROM dept;
+--------+----------+
| deptno | deptname |
+--------+----------+
|      1 | tech     |
|      3 | hr       |
+--------+----------+
2 rows in set (0.00 sec)
```

PS : ä¸ç®¡æ˜¯å•è¡¨è¿˜æ˜¯å¤šè¡¨ , ä¸åŠ whereæ¡ä»¶ä¼šæŠŠè¡¨çš„æ‰€æœ‰è®°å½•åˆ é™¤ , æ‰€ä»¥æ“ä½œæ—¶ä¸€å®šè¦å°å¿ƒ

<!-- TOC -->
[**è¿”å›é¡¶éƒ¨**](#pythonä¹‹è·¯---mysqlä¹‹æ•°æ®æ“ä½œ)
<!-- /TOC -->

## æŸ¥è¯¢è®°å½•  ğŸ€

è¯­æ³• : 

```mysql
SELECT * FROM tablename [WHERE CONDITION];
```

"*"è¡¨ç¤ºè¦å°†æ‰€æœ‰çš„è®°å½•éƒ½é€‰å‡ºæ¥ , ä¹Ÿå¯ä»¥ç”¨é€—å·åˆ†å‰²æ‰€æœ‰çš„å­—æ®µæ¥ä»£æ›¿

å¦‚ä¸Šé¢ä¾‹å­ä¸­

```mysql
mysql> SELECT ename,hiredate,sal,deptno FROM emp;
```

<!-- TOC -->
[**è¿”å›é¡¶éƒ¨**](#pythonä¹‹è·¯---mysqlä¹‹æ•°æ®æ“ä½œ)
<!-- /TOC -->

### æŸ¥è¯¢ä¸é‡å¤çš„è®°å½•  ğŸ€

```mysql
mysql> SELECT DISTINCT deptno FROM emp;
+--------+
| deptno |
+--------+
|      1 |
+--------+
1 row in set (0.00 sec)
```

<!-- TOC -->
[**è¿”å›é¡¶éƒ¨**](#pythonä¹‹è·¯---mysqlä¹‹æ•°æ®æ“ä½œ)
<!-- /TOC -->

### æ¡ä»¶æŸ¥è¯¢  ğŸ€

```mysql
mysql> SELECT * FROM emp WHERE deptno=1;
+-------+------------+-----------+--------+
| ename | hiredate   | sal       | deptno |
+-------+------------+-----------+--------+
| lyon  | 2000-01-01 | 100000.00 |      1 |
+-------+------------+-----------+--------+
1 row in set (0.00 sec)
```

<!-- TOC -->
[**è¿”å›é¡¶éƒ¨**](#pythonä¹‹è·¯---mysqlä¹‹æ•°æ®æ“ä½œ)
<!-- /TOC -->

### æ’åºå’Œé™åˆ¶   ğŸ€

```mysql
-- æŒ‰å·¥èµ„é«˜ä½è¿›è¡Œæ˜¾ç¤º
mysql> SELECT * FROM emp order by sal;
+---------+------------+-----------+--------+
| ename   | hiredate   | sal       | deptno |
+---------+------------+-----------+--------+
| kenneth | 2000-01-01 |   5000.00 |      2 |
| alex    | 2000-01-01 |   8000.00 |      3 |
| lyon    | 2000-01-01 | 100000.00 |      1 |
+---------+------------+-----------+--------+
3 rows in set (0.00 sec)
```

å¯¹äºæ’åºåçš„è®°å½• , å¦‚æœå¸Œæœ›åªæ˜¾ç¤ºä¸€éƒ¨åˆ† , å¯ä»¥ä½¿ç”¨LIMITå…³é”®å­—æ¥å®ç°

```mysql
SELECT ...[LIMIT offset_start,row_count]
-- offset_startè¡¨ç¤ºè®°å½•çš„èµ·å§‹åç§»é‡,é»˜è®¤ä¸º0;row_countè¡¨ç¤ºæ˜¾ç¤ºçš„è¡Œæ•°
```

å®ä¾‹

```mysql
mysql> SELECT * FROM emp ORDER BY sal LIMIT 2;
+---------+------------+---------+--------+
| ename   | hiredate   | sal     | deptno |
+---------+------------+---------+--------+
| kenneth | 2000-01-01 | 5000.00 |      2 |
| alex    | 2000-01-01 | 8000.00 |      3 |
+---------+------------+---------+--------+
2 rows in set (0.00 sec)
```

PS : limitå±äºMySQLæ‰©å±•SQL92åçš„è¯­æ³• , åœ¨å…¶ä»–æ•°æ®åº“ä¸Šå¹¶ä¸èƒ½é€šç”¨

<!-- TOC -->
[**è¿”å›é¡¶éƒ¨**](#pythonä¹‹è·¯---mysqlä¹‹æ•°æ®æ“ä½œ)
<!-- /TOC -->

### èšåˆ  ğŸ€

ç”¨äºè¿›è¡Œæ±‡æ€»æ“ä½œ

è¯­æ³• : 

```mysql
SELECT [field1,field2,...,fieldn] fun_name
FROM tablename
[WHERE where_condition]
[GROUP BY field1,dield2,,...,fieldn
[WITH ROLLUP]]
[HAVING where_contition]
/* å‚æ•°è¯´æ˜ */
fun_name è¡¨ç¤ºè¦åšçš„èšåˆæ“ä½œ,ä¹Ÿå°±æ˜¯èšåˆå‡½æ•°,å¸¸ç”¨çš„æœ‰ sum(æ±‚å’Œ),count(*)(è®°å½•è¡¨),max(æœ€å¤§å€¼),min(æœ€å°å€¼)
GROUP BY å…³é”®å­—è¡¨ç¤ºè¦è¿›è¡Œåˆ†ç±»èšåˆçš„å­—æ®µ,æ¯”å¦‚è¦æŒ‰ç…§éƒ¨é—¨åˆ†ç±»ç»Ÿè®¡å‘˜å·¥æ•°é‡,éƒ¨é—¨å°±åº”è¯¥å†™åœ¨ group byåé¢
WITH ROLLUP æ˜¯å¯é€‰è¯­æ³•,è¡¨æ˜æ˜¯å¦å¯¹åˆ†ç±»èšåˆåçš„ç»“æœè¿›è¡Œå†æ±‡æ€»
HAVING å…³é”®å­—è¡¨ç¤ºå¯¹åˆ†ç±»åçš„ç»“æœå†è¿›è¡Œæ¡ä»¶çš„è¿‡æ»¤
-- æ³¨æ„ :
having å’Œ whereçš„åŒºåˆ«åœ¨äº,havingæ˜¯å¯¹èšåˆåçš„ç»“æœè¿›è¡Œæ¡ä»¶çš„è¿‡æ»¤,è€Œ whereæ˜¯åœ¨èšåˆå‰å°±å¯¹è®°å½•è¿›è¡Œè¿‡æ»¤,æ‰€ä»¥æˆ‘ä»¬åº”è¯¥å°½å¯èƒ½ç”¨ whereå…ˆè¿‡æ»¤è®°å½•,ä½¿ç»“æœé›†å‡å°,ä¼šå¯¹èšåˆçš„æ•ˆç‡å¤§å¤§æé«˜
```

å®ä¾‹ : 

```mysql
/* ç»Ÿè®¡empè¡¨ä¸­å…¬å¸çš„æ€»äººæ•° */
mysql> SELECT count(1) FROM emp;
+----------+
| count(1) |
+----------+
|        5 |
+----------+
1 row in set (0.00 sec)
/* ç»Ÿè®¡ä¸ªéƒ¨é—¨çš„æ€»äººæ•° */
mysql> SELECT count(1) FROM emp GROUP BY deptno;
+----------+
| count(1) |
+----------+
|        2 |
|        2 |
|        1 |
+----------+
3 rows in set (0.00 sec)
/* æ—¢ç»Ÿè®¡å„éƒ¨é—¨äººæ•°,åˆç»Ÿè®¡æ€»äººæ•° */
mysql> SELECT deptno,count(1) FROM emp GROUP BY deptno WITH ROLLUP;
+--------+----------+
| deptno | count(1) |
+--------+----------+
|      1 |        2 |
|      2 |        2 |
|      3 |        1 |
|   NULL |        5 |
+--------+----------+
4 rows in set (0.00 sec)
/* ç»Ÿè®¡äººæ•°å¤§äº1çš„éƒ¨é—¨ */
mysql> SELECT deptno,count(1) FROM emp GROUP BY deptno HAVING count(1)>1;
+--------+----------+
| deptno | count(1) |
+--------+----------+
|      1 |        2 |
|      2 |        2 |
+--------+----------+
2 rows in set (0.00 sec)
/* ç»Ÿè®¡å…¬å¸æ‰€æœ‰å‘˜å·¥çš„è–ªæ°´æ€»é¢,æœ€é«˜å’Œæœ€ä½è–ªæ°´ */
mysql> SELECT sum(sal),max(sal),min(sal) FROM emp;
+-----------+-----------+----------+
| sum(sal)  | max(sal)  | min(sal) |
+-----------+-----------+----------+
| 113000.00 | 100000.00 |  5000.00 |
+-----------+-----------+----------+
1 row in set (0.00 sec)
```

<!-- TOC -->
[**è¿”å›é¡¶éƒ¨**](#pythonä¹‹è·¯---mysqlä¹‹æ•°æ®æ“ä½œ)
<!-- /TOC -->

### è¡¨è¿æ¥  ğŸ€

åŒæ—¶æ˜¾ç¤ºå¤šä¸ªè¡¨ä¸­çš„å­—æ®µ , åˆ†ä¸ºå†…è¿æ¥å’Œå¤–è¿æ¥

å†…è¿æ¥ä»…é€‰å‡ºä¸¤å¼ è¡¨ä¸­äº’ç›¸åŒ¹é…çš„è®°å½• , å¤–è¿æ¥ä¼šé€‰å‡ºå…¶ä»–ä¸åŒ¹é…çš„è®°å½• , æˆ‘ä»¬æœ€å¸¸ç”¨çš„æ˜¯å†…è¿æ¥

å¤–è¿æ¥åˆåˆ†ä¸ºå·¦è¿æ¥å’Œå³è¿æ¥

å†…è¿æ¥ : 

```mysql
mysql> SELECT * FROM emp;
+---------+------------+-----------+--------+
| ename   | hiredate   | sal       | deptno |
+---------+------------+-----------+--------+
| lyon    | 2000-01-01 | 100000.00 |      1 |
| kenneth | 2000-01-01 |   5000.00 |      2 |
| alex    | 2000-01-01 |   8000.00 |      3 |
| egon    | NULL       |      NULL |      1 |
| eva     | NULL       |      NULL |      2 |
+---------+------------+-----------+--------+
5 rows in set (0.00 sec)

mysql> SELECT * FROM dept;
+--------+----------+
| deptno | deptname |
+--------+----------+
|      1 | tech     |
|      3 | hr       |
|      2 | sale     |
+--------+----------+
3 rows in set (0.00 sec)

mysql> SELECT ename,deptname FROM emp,dept WHERE emp.deptno=dept.deptno;
+---------+----------+
| ename   | deptname |
+---------+----------+
| lyon    | tech     |
| kenneth | sale     |
| alex    | hr       |
| egon    | tech     |
| eva     | sale     |
+---------+----------+
5 rows in set (0.00 sec)
```

å¤–è¿æ¥ : 

æ ¹æ®ä¸Šè¿°å®ä¾‹ , è¯­å¥ä¸º

å·¦è¿æ¥ : `SELECT ename,deptname FROM emp LEFT JOIN dept ON emp.deptno=dept.deptno;`

å³è¿æ¥ : `SELECT ename,deptname FROM emp RIGHT JOIN dept ON emp.deptno=dept.deptno;`


<!-- TOC -->
[**è¿”å›é¡¶éƒ¨**](#pythonä¹‹è·¯---mysqlä¹‹æ•°æ®æ“ä½œ)
<!-- /TOC -->

### å­æŸ¥è¯¢  ğŸ€

æŸ¥è¯¢æ—¶ , éœ€è¦çš„æ¡ä»¶æ˜¯å¦ä¸€ä¸ªselectè¯­å¥çš„ç»“æœ

```mysql
mysql> SELECT * FROM emp WHERE deptno in(SELECT deptno FROM dept);
+---------+------------+-----------+--------+
| ename   | hiredate   | sal       | deptno |
+---------+------------+-----------+--------+
| lyon    | 2000-01-01 | 100000.00 |      1 |
| kenneth | 2000-01-01 |   5000.00 |      2 |
| alex    | 2000-01-01 |   8000.00 |      3 |
| egon    | NULL       |      NULL |      1 |
| eva     | NULL       |      NULL |      2 |
+---------+------------+-----------+--------+
5 rows in set (0.00 sec)
```

å¦‚æœå­æŸ¥è¯¢è®°å½•æ•°å”¯ä¸€ , å¯ä»¥ç”¨ = ä»£æ›¿ in , å³`SELECT * FROM emp WHERE deptno = (SELECT deptno FROM dept);` 

æŸäº›æƒ…å†µä¸‹ , å­æŸ¥è¯¢å¯ä»¥è½¬åŒ–ä¸ºè¡¨è¿æ¥ , å¦‚ä¸‹

```mysql
mysql> SELECT * FROM emp WHERE deptno in(SELECT deptno FROM dept);
+---------+------------+-----------+--------+
| ename   | hiredate   | sal       | deptno |
+---------+------------+-----------+--------+
| lyon    | 2000-01-01 | 100000.00 |      1 |
| kenneth | 2000-01-01 |   5000.00 |      2 |
| alex    | 2000-01-01 |   8000.00 |      3 |
| egon    | NULL       |      NULL |      1 |
| eva     | NULL       |      NULL |      2 |
+---------+------------+-----------+--------+
5 rows in set (0.00 sec)
```

PS : 

- MySQL 4.1 ä»¥å‰çš„ç‰ˆæœ¬ä¸æ”¯æŒå­æŸ¥è¯¢ , éœ€è¦ç”¨è¡¨è¿æ¥æ¥å®ç°å­æŸ¥è¯¢
- è¡¨è¿æ¥åœ¨å¾ˆå¤šæƒ…å†µä¸‹ç”¨äºä¼˜åŒ–å­æŸ¥è¯¢

<!-- TOC -->
[**è¿”å›é¡¶éƒ¨**](#pythonä¹‹è·¯---mysqlä¹‹æ•°æ®æ“ä½œ)
<!-- /TOC -->

### è®°å½•è”åˆ  ğŸ€

`union` å’Œ`union all` å…³é”®å­—å¯ä»¥å®ç° , å°†å¤šä¸ªè¡¨çš„æ•°æ®æŒ‰ç…§ä¸€å®šçš„æŸ¥è¯¢æ¡ä»¶æŸ¥è¯¢å‡ºæ¥å , å°†ç»“æœåˆå¹¶åˆ°ä¸€èµ·æ˜¾ç¤º

è¯­æ³• : 

```mysql
SELECT * FROM t1
UNION\UNION ALL
SELECT * FROM t2
...
UNION\UNION ALL
SELECT * FROM tn;
```

å®ä¾‹ : 

```mysql
mysql> SELECT deptno FROM emp
    -> UNION
    -> SELECT deptno FROM dept;
+--------+
| deptno |
+--------+
|      1 |
|      2 |
|      3 |
+--------+
3 rows in set (0.00 sec)
```

PS : `union all`æ˜¯æŠŠç»“æœé›†ç›´æ¥åˆå¹¶åœ¨ä¸€èµ· , è€Œ`union`æ˜¯å°†union allåçš„ç»“æœè¿›è¡Œä¸€æ¬¡distinct , å»é™¤é‡å¤è®°å½•åçš„ç»“æœ 

<!-- TOC -->
[**è¿”å›é¡¶éƒ¨**](#pythonä¹‹è·¯---mysqlä¹‹æ•°æ®æ“ä½œ)
<!-- /TOC -->
